Name,Ticker,Identifier,SEDOL,Weight,Shares Held
APPLE INC,AAPL,37833100,2046251,7.22925,162476265
MICROSOFT CORP,MSFT,594918104,2588173,6.616577,81710858
AMAZON.COM INC,AMZN,23135106,2000019,3.230044,98096208
NVIDIA CORP,NVDA,67066G104,2379504,3.111296,27177797
ALPHABET INC CL A,GOOGL,02079K305,BYVY8G0,2.135222,65280589
ALPHABET INC CL C,GOOG,02079K107,BYY88Y7,1.850136,56184341
TESLA INC,TSLA,88160R101,B616C79,1.815108,29619241
META PLATFORMS INC CLASS A,META,30303M102,B7TL820,1.769952,24320776
BERKSHIRE HATHAWAY INC CL B,BRK.B,84670702,2073390,1.72493,19606185
EXXON MOBIL CORP,XOM,30231G102,2326618,1.238159,44449525
UNITEDHEALTH GROUP INC,UNH,91324P102,2917766,1.187566,10235949
ELI LILLY + CO,LLY,532457108,2516152,1.179615,8660148
JPMORGAN CHASE + CO,JPM,46625H100,2190385,1.132922,32128171
VISA INC CLASS A SHARES,V,92826C839,B2PZN04,1.065328,17790979
JOHNSON + JOHNSON W/D,JNJ,478160104,2475833,1.017199,26463987
BROADCOM INC,AVGO,11135F101,BDZ78H9,0.972137,4581529
PROCTER + GAMBLE CO/THE,PG,742718109,2704407,0.95874,25905479
MASTERCARD INC   A,MA,57636Q104,B121557,0.924625,9199422
HOME DEPOT INC,HD,437076102,2434209,0.882897,11133373
CHEVRON CORP,CVX,166764100,2838555,0.79281,19559163
MERCK + CO. INC.,MRK,58933Y105,2778844,0.722656,27896950
ADOBE INC,ADBE,00724F101,2008154,0.689348,5042926
ABBVIE INC,ABBV,00287Y109,B92SR70,0.686676,19386281
COSTCO WHOLESALE CORP,COST,22160K105,2701271,0.648016,4872801
PEPSICO INC,PEP,713448108,2681511,0.642802,15123211
CISCO SYSTEMS INC,CSCO,17275R102,2198163,0.625846,45010051
COCA COLA CO/THE,KO,191216100,2206657,0.611096,42738001
WALMART INC,WMT,931142103,2936921,0.604853,15398978
SALESFORCE INC,CRM,79466L302,2310525,0.580269,10763527
THERMO FISHER SCIENTIFIC INC,TMO,883556102,2886907,0.553643,4240649
ACCENTURE PLC CL A,ACN,G1151C101,B4BNMY3,0.551102,6943029
MCDONALD S CORP,MCD,580135101,2550707,0.537589,8023389
NETFLIX INC,NFLX,64110L106,2857817,0.530274,4890279
BANK OF AMERICA CORP,BAC,60505104,2295677,0.52641,76224192
PFIZER INC,PFE,717081103,2684703,0.518911,62065140
ORACLE CORP,ORCL,68389X105,2661568,0.511689,16918607
LINDE PLC,LIN,G54950103,BNZHB81,0.501873,5382705
COMCAST CORP CLASS A,CMCSA,20030N101,2044545,0.4998,45729232
ABBOTT LABORATORIES,ABT,2824100,2002305,0.473025,19146777
ADVANCED MICRO DEVICES,AMD,7903107,2007849,0.470655,17705014
DANAHER CORP,DHR,235851102,2250870,0.456441,7301332
INTUIT INC,INTU,461202103,2459020,0.414126,3089969
INTEL CORP,INTC,458140100,2463247,0.412513,45856955
WELLS FARGO + CO,WFC,949746101,2649100,0.411636,41252653
TEXAS INSTRUMENTS INC,TXN,882508104,2885409,0.406694,9948625
CONOCOPHILLIPS,COP,20825C104,2685717,0.398276,13303511
WALT DISNEY CO/THE,DIS,254687106,2270726,0.395152,20059520
CATERPILLAR INC,CAT,149123101,2180201,0.389916,5665947
PHILIP MORRIS INTERNATIONAL,PM,718172109,B2PKRQ3,0.387372,17022331
VERIZON COMMUNICATIONS INC,VZ,92343V104,2090571,0.383451,46118212
LOWE S COS INC,LOW,548661107,2536763,0.366202,6556378
INTL BUSINESS MACHINES CORP,IBM,459200101,2005973,0.359564,9983272
NEXTERA ENERGY INC,NEE,65339F101,2328915,0.355479,22245857
AMGEN INC,AMGN,31162100,2023607,0.355164,5863351
UNION PACIFIC CORP,UNP,907818108,2914734,0.346842,6699363
S+P GLOBAL INC,SPGI,78409V104,BYV2325,0.345565,3604150
APPLIED MATERIALS INC,AMAT,38222105,2046552,0.344951,9257414
QUALCOMM INC,QCOM,747525103,2714923,0.341496,12241442
BRISTOL MYERS SQUIBB CO,BMY,110122108,2126335,0.335256,23096962
NIKE INC  CL B,NKE,654106103,2640147,0.330103,13545738
BOEING CO/THE,BA,97023105,2108601,0.329624,6217210
HONEYWELL INTERNATIONAL INC,HON,438516106,2020459,0.328182,7311872
GENERAL ELECTRIC CO,GE,369604301,BL59CR9,0.327317,11941434
RTX CORP,RTX,7.55E+105,BM5M5Y3,0.326802,16087185
SERVICENOW INC,NOW,81762P102,B80NXX8,0.326148,2240154
UNITED PARCEL SERVICE CL B,UPS,911312106,2517382,0.314616,7968375
BOOKING HOLDINGS INC,BKNG,09857L108,BDRXDB4,0.310278,406058
DEERE + CO,DE,244199105,2261203,0.299256,2969423
PROLOGIS INC,PLD,74340W103,B44WZD7,0.298815,10120207
STARBUCKS CORP,SBUX,855244109,2842255,0.294577,12620839
MORGAN STANLEY,MS,617446448,2262314,0.293714,14346721
INTUITIVE SURGICAL INC,ISRG,46120E602,2871301,0.288132,3847699
MEDTRONIC PLC,MDT,G5960L103,BTN1Y11,0.286777,14606656
GOLDMAN SACHS GROUP INC,GS,38141G104,2407966,0.285521,3655036
ELEVANCE HEALTH INC,ELV,36752103,BSPHGL4,0.281828,2606315
TJX COMPANIES INC,TJX,872540109,2989301,0.280088,12686273
AT+T INC,T,00206R102,2831811,0.27817,78269814
AUTOMATIC DATA PROCESSING,ADP,53015103,2065308,0.276496,4550205
BLACKROCK INC,BLK,09247X101,2494504,0.276143,1647156
STRYKER CORP,SYK,863667101,2853688,0.260386,3702576
MARSH + MCLENNAN COS,MMC,571748102,2567741,0.256512,5437470
LOCKHEED MARTIN CORP,LMT,539830109,2522096,0.255557,2478092
MONDELEZ INTERNATIONAL INC A,MDLZ,609207105,B8CKK03,0.253843,14973679
AMERICAN EXPRESS CO,AXP,25816109,2026082,0.251159,6534706
LAM RESEARCH CORP,LRCX,512807108,2502247,0.25094,1481646
GILEAD SCIENCES INC,GILD,375558103,2369174,0.24729,13693133
ANALOG DEVICES INC,ADI,32654105,2032067,0.246656,5565766
EATON CORP PLC,ETN,G29183103,B8KQN82,0.24604,4366991
VERTEX PHARMACEUTICALS INC,VRTX,92532F100,2931034,0.236439,2822871
REGENERON PHARMACEUTICALS,REGN,75886F107,2730190,0.235008,1180472
SCHWAB (CHARLES) CORP,SCHW,808513105,2779397,0.231587,16338188
SCHLUMBERGER LTD,SLB,806857108,2779201,0.231399,15594324
ZOETIS INC,ZTS,98978V103,B95WG16,0.230821,5078009
CVS HEALTH CORP,CVS,126650100,2577609,0.224709,14100903
CHUBB LTD,CB,H1467J104,B3BQMF6,0.223511,4549990
AMERICAN TOWER CORP,AMT,03027X100,B7FBFL2,0.221036,5104501
THE CIGNA GROUP,CI,125523100,BHJ0775,0.218109,3252985
CITIGROUP INC,C,172967424,2297907,0.215389,21402862
PROGRESSIVE CORP,PGR,743315103,2705024,0.210393,6414247
EOG RESOURCES INC,EOG,26875P101,2318024,0.20852,6439307
ALTRIA GROUP INC,MO,02209S103,2692632,0.207583,19603687
BOSTON SCIENTIFIC CORP,BSX,101137107,2113434,0.207091,15806272
T MOBILE US INC,TMUS,872590104,B94Q9V0,0.206615,6332421
MICRON TECHNOLOGY INC,MU,595112103,2588184,0.205218,11981613
FISERV INC,FI,337738108,2342034,0.202241,6786840
BECTON DICKINSON AND CO,BDX,75887109,2087807,0.201376,3115310
PALO ALTO NETWORKS INC,PANW,697435105,B87ZMX0,0.198451,3326967
CME GROUP INC,CME,12572Q105,2965839,0.194329,3943819
SOUTHERN CO/THE,SO,842587107,2829601,0.192336,11934655
EQUINIX INC,EQIX,29444U700,BVLZX12,0.192058,1028147
SYNOPSYS INC,SNPS,871607107,2867719,0.189602,1673714
KLA CORP,KLAC,482480100,2480138,0.188311,1507626
PAYPAL HOLDINGS INC,PYPL,70450Y103,BYW36M8,0.187388,12266390
AON PLC CLASS A,AON,G0403H108,BLP1HW5,0.181918,2254975
ILLINOIS TOOL WORKS,ITW,452308109,2457552,0.181049,3047794
CADENCE DESIGN SYS INC,CDNS,127387108,2302232,0.180767,3012197
DUKE ENERGY CORP,DUK,26441C204,B7VD3F2,0.179682,8442659
ACTIVISION BLIZZARD INC,ATVI,00507V109,2575818,0.175139,7819872
INTERCONTINENTAL EXCHANGE IN,ICE,45866F104,BFSSDS9,0.173669,6284067
AIR PRODUCTS + CHEMICALS INC,APD,9158106,2011602,0.173532,2431798
US DOLLAR,-,999USDZ92,-,0.172206,707916956.1
SHERWIN WILLIAMS CO/THE,SHW,824348106,2804211,0.169481,2589351
MARATHON PETROLEUM CORP,MPC,56585A102,B3K3L40,0.167813,4664672
CSX CORP,CSX,126408103,2160753,0.161651,22352124
NORTHROP GRUMMAN CORP,NOC,666807102,2648806,0.161638,1568481
COLGATE PALMOLIVE CO,CL,194162103,2209106,0.161358,9172049
FEDEX CORP,FDX,31428X106,2142784,0.159698,2549805
3M CO W/D,MMM,88579Y101,2595708,0.156793,6059557
HUMANA INC,HUM,444859102,2445063,0.155243,1372235
FREEPORT MCMORAN INC,FCX,35671D857,2352118,0.154277,15694509
WASTE MANAGEMENT INC,WM,94106L109,2937667,0.153985,4076855
O REILLY AUTOMOTIVE INC,ORLY,67103H107,B65LWX6,0.153832,669340
TARGET CORP,TGT,8.76E+110,2259101,0.151839,5045582
HCA HEALTHCARE INC,HCA,40412C101,B4MGBG6,0.151501,2268282
PIONEER NATURAL RESOURCES CO,PXD,723787107,2690830,0.150888,2569833
EMERSON ELECTRIC CO,EMR,291011104,2313405,0.150587,6273893
MCKESSON CORP,MCK,58155Q103,2378534,0.149069,1490099
CHIPOTLE MEXICAN GRILL INC,CMG,169656105,B0X7DZ3,0.144131,303208
NXP SEMICONDUCTORS NV,NXPI,N6596X109,B505PN7,0.143574,2840447
PHILLIPS 66,PSX,718546104,B78C4Y8,0.143136,5044717
MOODY S CORP,MCO,615369105,2252058,0.14284,1723609
PARKER HANNIFIN CORP,PH,701094104,2671501,0.141108,1408433
ROPER TECHNOLOGIES INC,ROP,776696106,2749602,0.139986,1162556
AMPHENOL CORP CL A,APH,32095101,2145084,0.139596,6524127
MARRIOTT INTERNATIONAL  CL A,MAR,571903202,2210614,0.139585,2834782
US BANCORP,USB,902973304,2736035,0.134419,15298455
GENERAL DYNAMICS CORP,GD,369550108,2365161,0.131073,2471108
ARISTA NETWORKS INC,ANET,40413106,BN33VM5,0.130572,2717243
ARTHUR J GALLAGHER + CO,AJG,363576109,2359506,0.130461,2354921
VALERO ENERGY CORP,VLO,91913Y100,2041364,0.129583,3974478
AUTODESK INC,ADSK,52769106,2065159,0.128181,2371444
FORD MOTOR CO,F,345370860,2615468,0.126658,43137989
AUTOZONE INC,AZO,53332102,2065955,0.126423,202308
PNC FINANCIAL SERVICES GROUP,PNC,693475105,2692665,0.126265,4385422
CARRIER GLOBAL CORP,CARR,14448C104,BK4N0D7,0.126159,9195471
OCCIDENTAL PETROLEUM CORP,OXY,674599105,2655408,0.12558,7894822
MOTOROLA SOLUTIONS INC,MSI,620076307,B5BKPQ4,0.125474,1836141
TRANE TECHNOLOGIES PLC,TT,G8994E103,BK9ZQ96,0.125396,2524420
EDWARDS LIFESCIENCES CORP,EW,2.82E+112,2567116,0.124775,6664932
TRANSDIGM GROUP INC,TDG,893641100,B11FJK3,0.122334,569546
GENERAL MOTORS CO,GM,37045V100,B665KZ5,0.122269,15314797
NORFOLK SOUTHERN CORP,NSC,655844108,2641894,0.120733,2501342
ECOLAB INC,ECL,278865100,2304227,0.120221,2721138
MICROCHIP TECHNOLOGY INC,MCHP,595017104,2592174,0.118623,6015836
HESS CORP,HES,42809H107,2023748,0.116966,3046917
SEMPRA,SRE,816851109,2138158,0.116705,6892087
CHARTER COMMUNICATIONS INC A,CHTR,16119P108,BZ6VT82,0.116645,1141753
MSCI INC,MSCI,55354G100,B2972D2,0.115572,876828
PACCAR INC,PCAR,693718108,2665861,0.115124,5719155.5
AMERICAN INTERNATIONAL GROUP,AIG,26874784,2027342,0.114567,7956896
ON SEMICONDUCTOR,ON,682189105,2583576,0.114526,4732146
CINTAS CORP,CTAS,172908105,2197137,0.114349,948249
CROWN CASTLE INC,CCI,22822V101,BTGQCX1,0.114316,4746868
MONSTER BEVERAGE CORP,MNST,61174X109,BZ07BW4,0.114313,8349774
NUCOR CORP,NUE,670346105,2651086,0.113953,2778447
ARCHER DANIELS MIDLAND CO,ADM,39483102,2047317,0.113481,6022520
PUBLIC STORAGE,PSA,74460D109,2852533,0.113469,1735789
KIMBERLY CLARK CORP,KMB,494368103,2491839,0.113064,3706169
CONSTELLATION BRANDS INC A,STZ,21036P108,2170473,0.112015,1779222
TE CONNECTIVITY LTD,TEL,H84989104,B62B7C3,0.110559,3494510
ROSS STORES INC,ROST,778296103,2746711,0.110322,3780916
DEXCOM INC,DXCM,252131107,B0796X4,0.11009,4234330
WILLIAMS COS INC,WMB,969457100,2967181,0.109584,13312193
AFLAC INC,AFL,1055102,2026361,0.109155,6045042
WELLTOWER INC,WELL,95040Q104,BYVYHH4,0.108974,5464476
METLIFE INC,MET,59156R108,2573209,0.108728,7072293
IQVIA HOLDINGS INC,IQV,46266C105,BDR73G1,0.108411,2036671
IDEXX LABORATORIES INC,IDXX,45168D104,2459202,0.107988,909760
FORTINET INC,FTNT,3.50E+113,B5B2106,0.107593,7107495
HILTON WORLDWIDE HOLDINGS IN,HLT,43300A203,BYVMW06,0.106202,2926155
EXELON CORP,EXC,30161N101,2670519,0.105806,10912023
JOHNSON CONTROLS INTERNATION,JCI,G51502105,BY7QL61,0.105387,7523985
TRUIST FINANCIAL CORP,TFC,89832Q109,BKP7287,0.105151,14544506
AMERICAN ELECTRIC POWER,AEP,25537101,2026242,0.104661,5632988
COPART INC,CPRT,217204106,2208073,0.103926,9395813
GENERAL MILLS INC,GIS,370334104,2367026,0.103725,6473365
CAPITAL ONE FINANCIAL CORP,COF,14040H105,2654461,0.103503,4193653
DOW INC,DOW,260557103,BHXCF84,0.103006,7714436
PAYCHEX INC,PAYX,704326107,2674458,0.102967,3516528
KENVUE INC W/I,KVUE,49177J102,BQ84ZQ6,0.102866,18894944
OLD DOMINION FREIGHT LINE,ODFL,679580100,2656423,0.102404,993180
DOMINION ENERGY INC,D,25746U109,2542049,0.102273,9149716
BIOGEN INC,BIIB,09062X103,2455965,0.10158,1583437
DIGITAL REALTY TRUST INC,DLR,253868103,B03GQS4,0.101276,3203061
SIMON PROPERTY GROUP INC,SPG,828806109,2812452,0.099432,3590258
BAKER HUGHES CO,BKR,05722G100,BDHLTQ5,0.099389,10977325
REALTY INCOME CORP,O,756109104,2724193,0.099013,7401906
HALLIBURTON CO,HAL,406216101,2405302,0.099003,9955707
TRAVELERS COS INC/THE,TRV,8.94E+113,2769503,0.098534,2537813
COGNIZANT TECH SOLUTIONS A,CTSH,192446102,2257019,0.096924,5588258
ESTEE LAUDER COMPANIES CL A,EL,518439104,2320524,0.096899,2544007
DR HORTON INC,DHI,23331A109,2250687,0.096513,3431238
AMETEK INC,AME,31100100,2089212,0.096375,2521870
CORTEVA INC,CTVA,22052L104,BK73B42,0.096355,7843668
AMERIPRISE FINANCIAL INC,AMP,03076C106,B0J7D57,0.095519,1155891
MODERNA INC,MRNA,60770K107,BGSXTS3,0.095366,3621943
YUM  BRANDS INC,YUM,988498101,2098876,0.095297,3087597
ROCKWELL AUTOMATION INC,ROK,773903109,2754060,0.094809,1255301
VERISK ANALYTICS INC,VRSK,92345Y106,B4P9W92,0.094284,1591937
OTIS WORLDWIDE CORP,OTIS,68902V107,BK531S8,0.094143,4585989
CENTENE CORP,CNC,15135B101,2807061,0.093157,6047942
AGILENT TECHNOLOGIES INC,A,00846U101,2520153,0.093105,3245219
CONSTELLATION ENERGY,CEG,21037T109,BMH4FS1,0.093007,3585317
DUPONT DE NEMOURS INC,DD,26614N102,BK0VN47,0.092952,5030475
SYSCO CORP,SYY,871829107,2868165,0.092679,5565995
PRUDENTIAL FINANCIAL INC,PRU,744320102,2819118,0.092565,4034403
DEVON ENERGY CORP,DVN,25179M103,2480677,0.091755,7051689
COSTAR GROUP INC,CSGP,22160N109,2262864,0.090006,4458416
GLOBAL PAYMENTS INC,GPN,37940X102,2712013,0.0895,2889079
CUMMINS INC,CMI,231021106,2240202,0.088957,1551570
UNITED RENTALS INC,URI,911363109,2134781,0.087784,759626
KINDER MORGAN INC,KMI,49456B101,B3NQ4P8,0.087623,21660007
FIDELITY NATIONAL INFO SERV,FIS,31620M106,2769796,0.086816,6512564
L3HARRIS TECHNOLOGIES INC,LHX,502431109,BK9DTN5,0.086475,2088762
BANK OF NEW YORK MELLON CORP,BK,64058100,B1Z77F6,0.085772,7891635
PPG INDUSTRIES INC,PPG,693506107,2698470,0.085605,2567744
FASTENAL CO,FAST,311900104,2332262,0.085176,6268305
ELECTRONIC ARTS INC,EA,285512109,2310194,0.084116,2860132
WW GRAINGER INC,GWW,384802104,2380863,0.083459,494691
VICI PROPERTIES INC,VICI,925652109,BYWH073,0.083138,11021310
HERSHEY CO/THE,HSY,427866108,2422806,0.0826,1613947
XCEL ENERGY INC,XEL,98389B100,2614807,0.082214,5998761
NEWMONT CORP,NEM,651639106,2636607,0.081628,8715853
CONSOLIDATED EDISON INC,ED,209115104,2216850,0.080444,3809841
WEST PHARMACEUTICAL SERVICES,WST,955306105,2950482,0.080056,812898
QUANTA SERVICES INC,PWR,7.48E+106,2150204,0.079797,1568865
LENNAR CORP A,LEN,526057104,2511920,0.079232,2785307
REPUBLIC SERVICES INC,RSG,760759100,2262530,0.078684,2243899
KROGER CO,KR,501044101,2497406,0.078472,7143279
PUBLIC SERVICE ENTERPRISE GP,PEG,744573106,2707677,0.078079,5470831
CDW CORP/DE,CDW,12514G108,BBM5MD6,0.077146,1486952
DIAMONDBACK ENERGY INC,FANG,25278X109,B7Y8YR3,0.076631,2018070
ALLSTATE CORP,ALL,20002101,2019952,0.076329,2907242
VULCAN MATERIALS CO,VMC,929160109,2931205,0.076282,1457182
ONEOK INC,OKE,682680103,2130109,0.075868,4899978
INGERSOLL RAND INC,IR,45687V106,BL5GZ82,0.075725,4446477
CENCORA INC,COR,3.07E+108,2795393,0.075442,1775532
ARCH CAPITAL GROUP LTD,ACGL,G0450A105,2740542,0.075397,4054786
KEURIG DR PEPPER INC,KDP,49271V100,BD3W133,0.074959,9281593
ANSYS INC,ANSS,03662Q105,2045623,0.074686,956555
DOLLAR GENERAL CORP,DG,256677105,B5B1S13,0.074102,2408844
APTIV PLC,APTV,G6095L109,B783TY6,0.073962,2970668
GARTNER INC,IT,366651107,2372763,0.073705,864255
FORTIVE CORP,FTV,34959J108,BYT3MK1,0.073267,3877354
MARTIN MARIETTA MATERIALS,MLM,573284106,2572079,0.072752,681793
CBRE GROUP INC   A,CBRE,12504L109,B6WVMH3,0.072334,3464093
EXTRA SPACE STORAGE INC,EXR,30225T102,B02HWR9,0.071445,2320641
DELTA AIR LINES INC,DAL,247361702,B1W9D46,0.071443,7041269
METTLER TOLEDO INTERNATIONAL,MTD,592688105,2126249,0.070844,244197
P G + E CORP,PCG,69331C108,2689560,0.070629,17650389
ALIGN TECHNOLOGY INC,ALGN,16255101,2679204,0.070316,781874
GE HEALTHCARE TECHNOLOGY,GEHC,36266G107,BL6JPG8,0.069979,4294936
AMERICAN WATER WORKS CO INC,AWK,30420103,B2R3PV1,0.069958,2118825
HP INC,HPQ,40434L105,BYX4D52,0.069558,9490370
WEC ENERGY GROUP INC,WEC,92939U106,BYY8XK8,0.069038,3458119
EDISON INTERNATIONAL,EIX,281020107,2829515,0.068976,4186518
KRAFT HEINZ CO/THE,KHC,500754106,BYRY499,0.068937,8701011
ZIMMER BIOMET HOLDINGS INC,ZBH,98956P102,2783815,0.068656,2300764
WARNER BROS DISCOVERY INC,WBD,934423104,BM8JYX3,0.067821,24264951
LYONDELLBASELL INDU CL A,LYB,N53745100,B3SPXZ3,0.067403,2780007
ILLUMINA INC,ILMN,452327109,2613990,0.067112,1724410
AVALONBAY COMMUNITIES INC,AVB,53484101,2131179,0.066914,1533563
T ROWE PRICE GROUP INC,TROW,74144T108,2702337,0.066821,2463604
EQUIFAX INC,EFX,294429105,2319146,0.066672,1342290
DOLLAR TREE INC,DLTR,256746108,2272476,0.065175,2282753
CORNING INC,GLW,219350105,2224701,0.064779,8358373
KEYSIGHT TECHNOLOGIES IN,KEYS,49338L103,BQZJ0Q9,0.06408,1966156
WEYERHAEUSER CO,WY,962166104,2958936,0.063921,8112663
EBAY INC,EBAY,278642103,2293819,0.063855,5949667
TRACTOR SUPPLY COMPANY,TSCO,892356106,2900335,0.063646,1212761
SBA COMMUNICATIONS CORP,SBAC,78410G104,BZ6TS23,0.062855,1185334
MONOLITHIC POWER SYSTEMS INC,MPWR,609839105,B01Z7J1,0.062548,491466
STATE STREET CORP,STT,857477103,2842040,0.062452,3674958
XYLEM INC,XYL,98419M100,B3P2CN8,0.062217,2614933
DISCOVER FINANCIAL SERVICES,DFS,254709108,B1YLC43,0.062152,2792022
CHURCH + DWIGHT CO INC,CHD,171340102,2195841,0.061307,2677692
HEWLETT PACKARD ENTERPRISE,HPE,42824C109,BYVYWS0,0.061042,14137217
FAIR ISAAC CORP,FICO,303250104,2330299,0.061002,276215
CARDINAL HEALTH INC,CAH,14149Y108,2175672,0.060036,2828679
RESMED INC,RMD,761152107,2732903,0.05992,1606483
TAKE TWO INTERACTIVE SOFTWRE,TTWO,874054109,2122117,0.059697,1740837
HARTFORD FINANCIAL SVCS GRP,HIG,416515104,2476193,0.059587,3409226
ALBEMARLE CORP,ALB,12653101,2046853,0.059302,1284226
STERIS PLC,STE,G8473T100,BFY8C75,0.059212,1087691
WILLIS TOWERS WATSON PLC,WTW,G96629103,BDB6Q21,0.058333,1172392
BROADRIDGE FINANCIAL SOLUTIO,BR,11133T103,B1VP7R6,0.058142,1289957
EQUITY RESIDENTIAL,EQR,29476L107,2319157,0.057871,3739984
ROYAL CARIBBEAN CRUISES LTD,RCL,V7780T103,2754907,0.057536,2392516
GENUINE PARTS CO,GPC,372460105,2367480,0.056872,1550056
COTERRA ENERGY INC,CTRA,127097103,2162340,0.056862,8327462
EVERSOURCE ENERGY,ES,30040W108,BVVN4Q8,0.05673,3824393
DTE ENERGY COMPANY,DTE,233331107,2280220,0.055612,2265957
ULTA BEAUTY INC,ULTA,90384S303,B28TS42,0.054695,550432
FLEETCOR TECHNOLOGIES INC,FLT,339041105,B4R28B3,0.054187,808606
RAYMOND JAMES FINANCIAL INC,RJF,754730109,2718992,0.054141,2116880
M + T BANK CORP,MTB,55261F104,2340168,0.053997,1822616
DOVER CORP,DOV,260003108,2278407,0.05383,1538234
AMEREN CORPORATION,AEE,23608102,2050832,0.053539,2833697
MCCORMICK + CO NON VTG SHRS,MKC,579780206,2550161,0.053532,2747333
BAXTER INTERNATIONAL INC,BAX,71813109,2085102,0.053437,5541693
WABTEC CORP,WAB,929740108,2955733,0.053159,1987351
ENTERGY CORP,ETR,29364G103,2317087,0.053072,2324681
INVITATION HOMES INC,INVH,46187W107,BD81GW9,0.052316,6332853
TELEDYNE TECHNOLOGIES INC,TDY,879360105,2503477,0.051832,514657
TARGA RESOURCES CORP,TRGP,87612G101,B55PZY3,0.051043,2467712
NVR INC,NVR,62944T105,2637785,0.050803,33055
CLOROX COMPANY,CLX,189054109,2204026,0.050683,1356464
FIRSTENERGY CORP,FE,337932107,2100920,0.050625,5930859
VERISIGN INC,VRSN,9.23E+106,2142922,0.050293,1005681
IRON MOUNTAIN INC,IRM,46284V101,BVFTF03,0.049712,3192125
HOLOGIC INC,HOLX,436440101,2433530,0.049339,2737171
ALEXANDRIA REAL ESTATE EQUIT,ARE,15271109,2009210,0.048784,1729598
FIFTH THIRD BANCORP,FITB,316773100,2336747,0.048695,7525454
DARDEN RESTAURANTS INC,DRI,237194105,2289874,0.048521,1339120
LABORATORY CRP OF AMER HLDGS,LH,50540R409,2586122,0.04835,971464
INTL FLAVORS + FRAGRANCES,IFF,459506101,2464165,0.048268,2795081
FIRST SOLAR INC,FSLR,336433107,B1HMF22,0.048146,1086942
MOLINA HEALTHCARE INC,MOH,60855R100,2212706,0.048035,635300
PULTEGROUP INC,PHM,745867101,2708841,0.047726,2476894
HOWMET AEROSPACE INC,HWM,443201108,BKLJ8V2,0.047536,4034974
SOUTHWEST AIRLINES CO,LUV,844741108,2831543,0.047459,6509782
EXPEDITORS INTL WASH INC,EXPD,302130109,2325507,0.047234,1679836
PPL CORP,PPL,69351T106,2680905,0.047218,8034154
COOPER COS INC/THE,COO,216648402,2222631,0.047011,541865
NASDAQ INC,NDAQ,631103108,2965107,0.046469,3703502
NETAPP INC,NTAP,64110D104,2630643,0.046318,2382497
PRINCIPAL FINANCIAL GROUP,PFG,74251V102,2803014,0.046237,2494756
CENTERPOINT ENERGY INC,CNP,15189T107,2440637,0.046008,6912700
LAS VEGAS SANDS CORP,LVS,517834107,B02T2J7,0.045776,3589177
BROWN + BROWN INC,BRO,115236101,2692687,0.045666,2581157
VENTAS INC,VTR,92276F100,2927925,0.045556,4392003
REGIONS FINANCIAL CORP,RF,7591EP100,B01R311,0.045307,10284408
JACOBS SOLUTIONS INC,J,46982L108,BNGC0D3,0.045301,1408890
SKYWORKS SOLUTIONS INC,SWKS,83088M102,2961053,0.04523,1751122
MARATHON OIL CORP,MRO,565849106,2910970,0.04472,6786270
ENPHASE ENERGY INC,ENPH,29355A107,B65SQW4,0.044664,1492373
STEEL DYNAMICS INC,STLD,858119100,2849472,0.044636,1764521
IDEX CORP,IEX,45167R104,2456612,0.044581,822407
BUNGE LTD,BG,G16962105,2788713,0.044437,1648539
CINCINNATI FINANCIAL CORP,CINF,172062101,2196888,0.044208,1738724
BALL CORP,BALL,58498106,2073022,0.044206,3433298
TERADYNE INC,TER,880770102,2884183,0.044007,1713457
FACTSET RESEARCH SYSTEMS INC,FDS,303075105,2329770,0.043995,420106
OMNICOM GROUP,OMC,681919106,2279303,0.043612,2236275
MID AMERICA APARTMENT COMM,MAA,59522J103,2589132,0.04353,1267941
WATERS CORP,WAT,941848103,2937689,0.043405,653936
TYLER TECHNOLOGIES INC,TYL,902252105,2909644,0.043376,456464
WALGREENS BOOTS ALLIANCE INC,WBA,931427108,BTN1Y44,0.043338,7869107
ATMOS ENERGY CORP,ATO,49560105,2315359,0.042928,1571856
CMS ENERGY CORP,CMS,125896100,2219224,0.042732,3198020
GARMIN LTD,GRMN,H2906T109,B3Z5T14,0.042503,1685542
CF INDUSTRIES HOLDINGS INC,CF,125269100,B0G4K50,0.0424,2151055
AKAMAI TECHNOLOGIES INC,AKAM,00971T101,2507457,0.04223,1672470
UNITED AIRLINES HOLDINGS INC,UAL,910047109,B4QG225,0.042137,3583356
CBOE GLOBAL MARKETS INC,CBOE,12503M108,B5834C5,0.042105,1154089
NORTHERN TRUST CORP,NTRS,665859104,2648668,0.042078,2288659
EVEREST GROUP LTD,EG,G3223R108,2556868,0.042001,471347
HUNTINGTON BANCSHARES INC,HBAN,446150104,2445966,0.041646,15677637
PTC INC,PTC,69370C100,B95N910,0.041498,1168446
EXPEDIA GROUP INC,EXPE,30212P303,B748CK2,0.041345,1567799
CARNIVAL CORP,CCL,143658300,2523044,0.041303,11004075
HUNT (JB) TRANSPRT SVCS INC,JBHT,445658107,2445416,0.041079,909970
EQT CORP,EQT,26884L109,2319414,0.041067,3988224
TEXTRON INC,TXT,883203101,2885937,0.040967,2216489
KELLOGG CO,K,487836108,2486813,0.040479,2806110
ESSEX PROPERTY TRUST INC,ESS,297178105,2316619,0.040421,702863
JM SMUCKER CO/THE,SJM,832696405,2951452,0.040255,1172547
AXON ENTERPRISE INC,AXON,05464C101,BDT5S35,0.040076,771660
AVERY DENNISON CORP,AVY,53611109,2066408,0.040032,897063
EPAM SYSTEMS INC,EPAM,29414B104,B44Z3T8,0.039895,626595
TYSON FOODS INC CL A,TSN,902494103,2909730,0.039299,3135761
BEST BUY CO INC,BBY,86516101,2094670,0.038784,2162120
WESTERN DIGITAL CORP,WDC,958102105,2954699,0.038756,3506210
STANLEY BLACK + DECKER INC,SWK,854502101,B3Q2FJ4,0.038378,1683744
PAYCOM SOFTWARE INC,PAYC,70432V102,BL95MY0,0.038,532893
QUEST DIAGNOSTICS INC,DGX,74834L100,2702791,0.037686,1218509
REVVITY INC,RVTY,714046109,2305844,0.037597,1387019
ZEBRA TECHNOLOGIES CORP CL A,ZBRA,989207105,2989356,0.037476,565610
SNAP ON INC,SNA,833034101,2818740,0.037289,583958
AMCOR PLC,AMCR,G0250X107,BJ1F307,0.037099,16434294
SYNCHRONY FINANCIAL,SYF,87165B103,BP96PS6,0.037046,4799550
SEAGATE TECHNOLOGY HOLDINGS,STX,G7997R103,BKVD2N4,0.036935,2131621
LAMB WESTON HOLDINGS INC,LW,513272104,BDQZFJ3,0.036915,1568830
APA CORP,APA,03743Q108,BNNF1C1,0.036834,3391248
CONAGRA BRANDS INC,CAG,205887102,2215460,0.03673,5197616
DOMINO S PIZZA INC,DPZ,25754A201,B01SD70,0.036647,391871
POOL CORP,POOL,73278L105,2781585,0.036437,427962
CITIZENS FINANCIAL GROUP,CFG,174610105,BQRX1X3,0.03619,5374779
INSULET CORP,PODD,45784P101,B1XGNW4,0.035941,763951
TRIMBLE INC,TRMB,896239100,2903958,0.035119,2721936
MGM RESORTS INTERNATIONAL,MGM,552953101,2547419,0.035104,3319729
LEIDOS HOLDINGS INC,LDOS,525327102,BDV82B8,0.034982,1490062
CARMAX INC,KMX,143130102,2983563,0.034977,1762961
PACKAGING CORP OF AMERICA,PKG,695156109,2504566,0.0348,988114
MOSAIC CO/THE,MOS,61945C103,B3NPHP6,0.034681,3733111
MASCO CORP,MAS,574599106,2570200,0.034574,2464086
LKQ CORP,LKQ,501889208,2971029,0.034397,2782417
NORDSON CORP,NDSN,655663102,2641838,0.034346,589400
MATCH GROUP INC,MTCH,57667L107,BK80XH9,0.033798,3069812
CELANESE CORP,CE,150870103,B05MZT4,0.03362,1088865
INTERPUBLIC GROUP OF COS INC,IPG,460690100,2466321,0.033578,4260301
WR BERKLEY CORP,WRB,84423102,2093644,0.033361,2228885
ALLIANT ENERGY CORP,LNT,18802108,2973821,0.033262,2756801
VIATRIS INC,VTRS,92556V106,BMWS3X9,0.032785,13317520
EVERGY INC,EVRG,30034W106,BFMXGR0,0.032687,2520556
LOEWS CORP,L,540424108,2523022,0.032001,2131417
UDR INC,UDR,902653104,2727910,0.03189,3355367
BIO TECHNE CORP,TECH,09073M104,BSHZ3Q0,0.031724,1727091
INTERNATIONAL PAPER CO,IP,460146103,2465254,0.031429,3813518
INCYTE CORP,INCY,45337C102,2471950,0.031294,2035844
AES CORP,AES,00130H105,2002479,0.031098,7334587
GEN DIGITAL INC,GEN,668771108,BJN4XN5,0.030983,6292891
MOLSON COORS BEVERAGE CO   B,TAP,60871R209,B067BM3,0.030961,2051884
CAMDEN PROPERTY TRUST,CPT,133131102,2166320,0.030831,1209820
BROWN FORMAN CORP CLASS B,BF.B,115637209,2146838,0.030572,1976662
HOST HOTELS + RESORTS INC,HST,44107P104,2567503,0.030504,7852041
LIVE NATION ENTERTAINMENT IN,LYV,538034109,B0T7YX2,0.030461,1551677
PENTAIR PLC,PNR,G7S00T104,BLS09M3,0.030385,1793895
CAESARS ENTERTAINMENT INC,CZR,12769G100,BMWWGB0,0.030353,2321845
KIMCO REALTY CORP,KIM,49446R109,2491594,0.030337,6697813
CERIDIAN HCM HOLDING INC,CDAY,15677J108,BFX1V56,0.030011,1672597
HEALTHPEAK PROPERTIES INC,PEAK,42250P103,BJBLRK3,0.02981,6004218
JACK HENRY + ASSOCIATES INC,JKHY,426281101,2469193,0.029765,798796
HORMEL FOODS CORP,HRL,440452100,2437264,0.028651,3161872
QORVO INC,QRVO,74736K101,BR9YYP4,0.028335,1096382
NISOURCE INC,NI,65473P105,2645409,0.028273,4417653
CHARLES RIVER LABORATORIES,CRL,159864107,2604336,0.027773,558451
KEYCORP,KEY,493267108,2490911,0.027648,10248455
FMC CORP,FMC,302491303,2328603,0.027516,1376253
C.H. ROBINSON WORLDWIDE INC,CHRW,12541W209,2116228,0.027431,1290499
HENRY SCHEIN INC,HSIC,806407102,2416962,0.026805,1486670
WYNN RESORTS LTD,WYNN,983134107,2963811,0.026728,1146578
EASTMAN CHEMICAL CO,EMN,277432100,2298386,0.02646,1315122
TELEFLEX INC,TFX,879369106,2881407,0.026315,515088
REGENCY CENTERS CORP,REG,758849103,2726177,0.026169,1691462
GLOBE LIFE INC,GL,3.80E+106,BK6YKG1,0.026132,988898
F5 INC,FFIV,315616102,2427599,0.025891,649696
BORGWARNER INC,BWA,99724106,2111955,0.025665,2605116
ALLEGION PLC,ALLE,G0176J109,BFRT3W7,0.025615,970771
JUNIPER NETWORKS INC,JNPR,48203R104,2431846,0.025032,3518074
AMERICAN AIRLINES GROUP INC,AAL,02376R102,BCV7KT2,0.024906,7144734
BOSTON PROPERTIES INC,BXP,101121101,2019479,0.024715,1536840
HASBRO INC,HAS,418056107,2414580,0.024699,1392431
SMITH (A.O.) CORP,AOS,831865209,2816023,0.02451,1402357
ETSY INC,ETSY,29786A106,BWTN5N1,0.024323,1374627
CATALENT INC,CTLT,148806102,BP96PQ4,0.023908,1977480
NRG ENERGY INC,NRG,629377508,2212922,0.023775,2570628
ROLLINS INC,ROL,775711104,2747305,0.023506,2537525
SOLAREDGE TECHNOLOGIES INC,SEDG,83417M104,BWC52Q6,0.023269,613575
MARKETAXESS HOLDINGS INC,MKTX,57060D108,B03Q9D0,0.022887,411100
BATH + BODY WORKS INC,BBWI,70830104,BNNTGJ5,0.022626,2490969
FOX CORP   CLASS A,FOXA,35137L105,BJJMGL2,0.022581,2958179
PINNACLE WEST CAPITAL,PNW,723484101,2048804,0.022534,1227946
CAMPBELL SOUP CO,CPB,134429109,2162845,0.022109,2211343
HUNTINGTON INGALLS INDUSTRIE,HII,446413106,B40SSC9,0.022105,434382
NEWS CORP   CLASS A,NWSA,65249B109,BBGVT40,0.02199,4262128
UNIVERSAL HEALTH SERVICES B,UHS,913903100,2923785,0.021806,703189
WESTROCK CO,WRK,96145D105,BYR0914,0.021525,2775568
ROBERT HALF INC,RHI,770323103,2110703,0.021141,1202698
DENTSPLY SIRONA INC,XRAY,24906P109,BYNPPC6,0.021113,2364947
BIO RAD LABORATORIES A,BIO,90572207,2098508,0.020939,232660
TAPESTRY INC,TPR,876030107,BF09HX3,0.020722,2641449
WHIRLPOOL CORP,WHR,963320106,2960384,0.019994,594828
FRANKLIN RESOURCES INC,BEN,354613101,2350684,0.019891,3131793
GENERAC HOLDINGS INC,GNRC,368736104,B6197Q2,0.019688,683226
ASSURANT INC,AIZ,04621X108,2331430,0.019528,581806
FEDERAL REALTY INVS TRUST,FRT,313745101,BN7P9B2,0.018964,801730
INVESCO LTD,IVZ,G491BT108,B28XP76,0.018793,4968261
NORWEGIAN CRUISE LINE HOLDIN,NCLH,G66721104,B9CGTC3,0.018275,4528370
PARAMOUNT GLOBAL CLASS B,PARA,92556H206,BKTNTR9,0.017979,5515494
VF CORP,VFC,918204108,2928683,0.017287,3627643
COMERICA INC,CMA,200340107,2212870,0.016285,1437848
DAVITA INC,DVA,23918K108,2898087,0.014638,608520
ZIONS BANCORP NA,ZION,989701107,2989828,0.013952,1647128
SEALED AIR CORP,SEE,81211K100,2232793,0.013921,1622592
ALASKA AIR GROUP INC,ALK,11659109,2012605,0.013353,1354000
ORGANON + CO,OGN,68622V106,BLDC8J4,0.013304,2758076
MOHAWK INDUSTRIES INC,MHK,608190104,2598699,0.013126,560774
RALPH LAUREN CORP,RL,751212101,B4V9661,0.012883,450063
DXC TECHNOLOGY CO,DXC,23355L106,BYXD7B3,0.012836,2510356
FOX CORP   CLASS B,FOX,35137L204,BJJMGY5,0.010773,1527688
LINCOLN NATIONAL CORP,LNC,534187109,2516378,0.010507,1692566
NEWELL BRANDS INC,NWL,651229106,2635701,0.009975,4121028
NEWS CORP   CLASS B,NWS,65249B208,BBGVT51,0.007078,1337094
FORTREA HOLDINGS INC,FTRE,34965K107,BRXYZ57,0.000002,318
